user,task_id,query_id,UCTR,QCTR,MaxRR,MinRR,MeanRR,MaxRRow,MinRRow,MeanRRow,PLC,MaxScroll,QDT,SCD,ACD,TTFC,TTLC,DsatCC,DsatCR,LastClickToEnd,LastHoverToEnd
20160113535,2,2,0,0,0,0,0,0,0,0,0,500.0,14853,0,0,2000000,2000000,0,0,2000000,8956
20160113535,2,9,0,0,0,0,0,0,0,0,0,0.0,4706,0,0,2000000,2000000,0,0,2000000,2000000
20160113535,3,0,0,0,0,0,0,0,0,0,0,400.0,12934,0,0,2000000,2000000,0,0,2000000,4383
20160113535,4,1,0,0,0,0,0,0,0,0,0,600.0,12854,0,0,2000000,2000000,0,0,2000000,8118
20160113535,5,0,0,0,0,0,0,0,0,0,0,0.0,7653,0,0,2000000,2000000,0,0,2000000,2000000
20160113535,5,2,0,0,0,0,0,0,0,0,0,0.0,6108,0,0,2000000,2000000,0,0,2000000,2000000
20160113535,5,7,0,0,0,0,0,0,0,0,0,300.0,11941,0,0,2000000,2000000,0,0,2000000,7274
20160113535,7,1,0,0,0,0,0,0,0,0,0,0.0,11758,0,0,2000000,2000000,0,0,2000000,9339
20160113535,7,6,0,0,0,0,0,0,0,0,0,0.0,6467,0,0,2000000,2000000,0,0,2000000,2000000
20160113535,8,1,0,0,0,0,0,0,0,0,0,600.0,15572,0,0,2000000,2000000,0,0,2000000,9890
20160113535,8,3,0,0,0,0,0,0,0,0,0,2100.0,14458,0,0,2000000,2000000,0,0,2000000,5051
20160113535,9,1,0,0,0,0,0,0,0,0,0,400.0,13139,0,0,2000000,2000000,0,0,2000000,9012
20160113535,9,2,0,0,0,0,0,0,0,0,0,0.0,4018,0,0,2000000,2000000,0,0,2000000,2000000
20160113535,9,4,0,0,0,0,0,0,0,0,0,400.0,14200,0,0,2000000,2000000,0,0,2000000,8844
20160113535,9,5,0,0,0,0,0,0,0,0,0,0.0,6428,0,0,2000000,2000000,0,0,2000000,4172
20160113535,12,1,0,0,0,0,0,0,0,0,0,2400.0,95336,0,0,2000000,2000000,0,0,2000000,3512
2016011528,9,2,0,0,0,0,0,0,0,0,0,2200.0,14895,0,0,2000000,2000000,0,0,2000000,7747
2016011528,11,0,0,0,0,0,0,0,0,0,0,0.0,30124,0,0,2000000,2000000,0,0,2000000,2000000
2016011386,2,3,0,0,0,0,0,0,0,0,0,2500.0,326720,0,0,2000000,2000000,0,0,2000000,2000000
2016011386,3,0,0,0,0,0,0,0,0,0,0,0.0,11335,0,0,2000000,2000000,0,0,2000000,2000000
2016011386,9,0,0,0,0,0,0,0,0,0,0,500.0,7257,0,0,2000000,2000000,0,0,2000000,2613
2016011386,9,1,0,0,0,0,0,0,0,0,0,4000.0,33223,0,0,2000000,2000000,0,0,2000000,16396
2016011386,9,2,0,0,0,0,0,0,0,0,0,3000.0,35403,0,0,2000000,2000000,0,0,2000000,7877
2016011386,9,3,0,0,0,0,0,0,0,0,0,8700.0,41924,0,0,2000000,2000000,0,0,2000000,3192
2016011386,9,4,0,0,0,0,0,0,0,0,0,0.0,11296,0,0,2000000,2000000,0,0,2000000,3893
2016011386,9,5,0,0,0,0,0,0,0,0,0,2400.0,25541,0,0,2000000,2000000,0,0,2000000,9769
2016011386,9,6,0,0,0,0,0,0,0,0,0,1600.0,14813,0,0,2000000,2000000,0,0,2000000,8845
2016011386,9,8,0,0,0,0,0,0,0,0,0,300.0,67752,0,0,2000000,2000000,0,0,2000000,2000000
2016011386,9,9,0,0,0,0,0,0,0,0,0,0.0,89604,0,0,2000000,2000000,0,0,2000000,2000000
2016011386,10,0,0,0,0,0,0,0,0,0,0,0.0,10317,0,0,2000000,2000000,0,0,2000000,6579
2016011386,10,1,0,0,0,0,0,0,0,0,0,4400.0,28330,0,0,2000000,2000000,0,0,2000000,4839
2016011386,10,2,0,0,0,0,0,0,0,0,0,4700.0,41479,0,0,2000000,2000000,0,0,2000000,8135
2016011386,10,4,0,0,0,0,0,0,0,0,0,800.0,25459,0,0,2000000,2000000,0,0,2000000,6355
2016011386,10,5,0,0,0,0,0,0,0,0,0,0.0,12449,0,0,2000000,2000000,0,0,2000000,6383
2016011386,12,0,0,0,0,0,0,0,0,0,0,0.0,10508,0,0,2000000,2000000,0,0,2000000,7631
2016011387,3,0,0,0,0,0,0,0,0,0,0,0.0,14234,0,0,2000000,2000000,0,0,2000000,10226
2016011387,9,2,0,0,0,0,0,0,0,0,0,900.0,19055,0,0,2000000,2000000,0,0,2000000,8094
2016011387,9,5,0,0,0,0,0,0,0,0,0,0.0,13603,0,0,2000000,2000000,0,0,2000000,2000000
2016011387,9,6,0,0,0,0,0,0,0,0,0,0.0,35451,0,0,2000000,2000000,0,0,2000000,8460
2016011387,9,7,0,0,0,0,0,0,0,0,0,600.0,13765,0,0,2000000,2000000,0,0,2000000,3676
2016011387,9,8,0,0,0,0,0,0,0,0,0,900.0,34783,0,0,2000000,2000000,0,0,2000000,29254
2016011387,9,9,0,0,0,0,0,0,0,0,0,0.0,19807,0,0,2000000,2000000,0,0,2000000,2000000
2016011387,9,10,0,0,0,0,0,0,0,0,0,1200.0,25504,0,0,2000000,2000000,0,0,2000000,9351
2016011387,9,11,0,0,0,0,0,0,0,0,0,0.0,7087,0,0,2000000,2000000,0,0,2000000,2000000
2016011387,9,12,0,0,0,0,0,0,0,0,0,2200.0,38821,0,0,2000000,2000000,0,0,2000000,5488
2016011387,9,13,0,0,0,0,0,0,0,0,0,0.0,4174,0,0,2000000,2000000,0,0,2000000,2000000
2016011387,9,15,0,0,0,0,0,0,0,0,0,0.0,3248,0,0,2000000,2000000,0,0,2000000,2000000
2016011387,9,16,0,0,0,0,0,0,0,0,0,0.0,7157,0,0,2000000,2000000,0,0,2000000,2000000
2016011387,9,17,0,0,0,0,0,0,0,0,0,700.0,23955,0,0,2000000,2000000,0,0,2000000,8180
2016011387,9,18,0,0,0,0,0,0,0,0,0,0.0,13734,0,0,2000000,2000000,0,0,2000000,2000000
2016011387,9,19,0,0,0,0,0,0,0,0,0,0.0,14419,0,0,2000000,2000000,0,0,2000000,2000000
2016011387,9,20,0,0,0,0,0,0,0,0,0,900.0,18401,0,0,2000000,2000000,0,0,2000000,7158
2016011387,9,21,0,0,0,0,0,0,0,0,0,0.0,12058,0,0,2000000,2000000,0,0,2000000,2000000
2016011387,9,23,0,0,0,0,0,0,0,0,0,0.0,15020,0,0,2000000,2000000,0,0,2000000,2000000
2016011387,9,25,0,0,0,0,0,0,0,0,0,0.0,7400,0,0,2000000,2000000,0,0,2000000,4210
2016011387,9,27,0,0,0,0,0,0,0,0,0,0.0,5355,0,0,2000000,2000000,0,0,2000000,2000000
2016011387,9,30,0,0,0,0,0,0,0,0,0,400.0,229767,0,0,2000000,2000000,0,0,2000000,8487
2016011387,9,31,0,0,0,0,0,0,0,0,0,1000.0,291436,0,0,2000000,2000000,0,0,2000000,7116
2016011387,11,1,0,0,0,0,0,0,0,0,0,800.0,49822,0,0,2000000,2000000,0,0,2000000,20980
2016011387,11,3,0,0,0,0,0,0,0,0,0,2700.0,36703,0,0,2000000,2000000,0,0,2000000,3084
2016011387,11,10,0,0,0,0,0,0,0,0,0,0.0,9653,0,0,2000000,2000000,0,0,2000000,2477
2016011395,1,1,0,0,0,0,0,0,0,0,0,3700.0,22542,0,0,2000000,2000000,0,0,2000000,3913
2016011395,3,0,0,0,0,0,0,0,0,0,0,700.0,26925,0,0,2000000,2000000,0,0,2000000,10199
2016011395,3,1,0,0,0,0,0,0,0,0,0,700.0,10893,0,0,2000000,2000000,0,0,2000000,6257
2016011395,3,2,0,0,0,0,0,0,0,0,0,800.0,32823,0,0,2000000,2000000,0,0,2000000,20120
2016011395,3,5,0,0,0,0,0,0,0,0,0,9400.0,50863,0,0,2000000,2000000,0,0,2000000,5670
2016011395,4,0,0,0,0,0,0,0,0,0,0,2400.0,43133,0,0,2000000,2000000,0,0,2000000,11860
2016011395,9,0,0,0,0,0,0,0,0,0,0,0.0,8277,0,0,2000000,2000000,0,0,2000000,2000000
2016011395,9,1,0,0,0,0,0,0,0,0,0,2100.0,37759,0,0,2000000,2000000,0,0,2000000,7504
2016011395,9,2,0,0,0,0,0,0,0,0,0,1000.0,26141,0,0,2000000,2000000,0,0,2000000,9233
2016011395,9,3,0,0,0,0,0,0,0,0,0,800.0,16512,0,0,2000000,2000000,0,0,2000000,2998
2016011395,9,4,0,0,0,0,0,0,0,0,0,3000.0,29289,0,0,2000000,2000000,0,0,2000000,8912
2016011395,11,0,0,0,0,0,0,0,0,0,0,0.0,33997,0,0,2000000,2000000,0,0,2000000,18848
2016011395,11,3,0,0,0,0,0,0,0,0,0,0.0,13704,0,0,2000000,2000000,0,0,2000000,2769
2016011395,11,4,0,0,0,0,0,0,0,0,0,900.0,13638,0,0,2000000,2000000,0,0,2000000,3423
2016011395,12,4,0,0,0,0,0,0,0,0,0,11300.0,199065,0,0,2000000,2000000,0,0,2000000,4140
2016010022,3,0,0,0,0,0,0,0,0,0,0,1300.0,27335,0,0,2000000,2000000,0,0,2000000,7215
2016010022,3,1,0,0,0,0,0,0,0,0,0,0.0,23536,0,0,2000000,2000000,0,0,2000000,6472
2016010022,3,2,0,0,0,0,0,0,0,0,0,400.0,35907,0,0,2000000,2000000,0,0,2000000,5324
2016010022,4,3,0,0,0,0,0,0,0,0,0,0.0,15047,0,0,2000000,2000000,0,0,2000000,13064
2016010022,4,6,0,0,0,0,0,0,0,0,0,400.0,9507,0,0,2000000,2000000,0,0,2000000,3216
2016010022,9,1,0,0,0,0,0,0,0,0,0,0.0,6391,0,0,2000000,2000000,0,0,2000000,4972
2016010022,9,2,0,0,0,0,0,0,0,0,0,100.0,4443,0,0,2000000,2000000,0,0,2000000,2000000
2016010022,9,5,0,0,0,0,0,0,0,0,0,0.0,3431,0,0,2000000,2000000,0,0,2000000,2000000
2016010022,9,6,0,0,0,0,0,0,0,0,0,599.0,7255,0,0,2000000,2000000,0,0,2000000,5229
2016010022,9,7,0,0,0,0,0,0,0,0,0,500.0,17701,0,0,2000000,2000000,0,0,2000000,7048
2016010022,9,8,0,0,0,0,0,0,0,0,0,1300.0,14695,0,0,2000000,2000000,0,0,2000000,3916
2016010022,11,1,0,0,0,0,0,0,0,0,0,400.0,19404,0,0,2000000,2000000,0,0,2000000,9106
2016011397,1,1,0,0,0,0,0,0,0,0,0,7000.0,49647,0,0,2000000,2000000,0,0,2000000,2790
2016011397,2,2,0,0,0,0,0,0,0,0,0,3400.0,116188,0,0,2000000,2000000,0,0,2000000,2192
2016011397,9,0,0,0,0,0,0,0,0,0,0,2200.0,24418,0,0,2000000,2000000,0,0,2000000,10858
2016011397,9,2,0,0,0,0,0,0,0,0,0,4600.0,45693,0,0,2000000,2000000,0,0,2000000,9666
2016011397,9,6,0,0,0,0,0,0,0,0,0,7600.0,23900,0,0,2000000,2000000,0,0,2000000,3883
2016011397,9,7,0,0,0,0,0,0,0,0,0,11135.0,64908,0,0,2000000,2000000,0,0,2000000,13020
2016011391,3,0,0,0,0,0,0,0,0,0,0,0.0,8876,0,0,2000000,2000000,0,0,2000000,4627
2016011391,6,2,0,0,0,0,0,0,0,0,0,4062.0,44005,0,0,2000000,2000000,0,0,2000000,8106
2016011391,6,3,0,0,0,0,0,0,0,0,0,0.0,6283,0,0,2000000,2000000,0,0,2000000,4782
2016011391,6,4,0,0,0,0,0,0,0,0,0,0.0,7607,0,0,2000000,2000000,0,0,2000000,2000000
2016011391,6,5,0,0,0,0,0,0,0,0,0,3022.0,25382,0,0,2000000,2000000,0,0,2000000,10650
2016011391,8,2,0,0,0,0,0,0,0,0,0,1205.0,13373,0,0,2000000,2000000,0,0,2000000,4552
2016011391,9,0,0,0,0,0,0,0,0,0,0,0.0,9322,0,0,2000000,2000000,0,0,2000000,5981
2016011391,9,1,0,0,0,0,0,0,0,0,0,1931.0,32183,0,0,2000000,2000000,0,0,2000000,16025
2016011391,9,3,0,0,0,0,0,0,0,0,0,0.0,35512,0,0,2000000,2000000,0,0,2000000,33341
2016011391,9,4,0,0,0,0,0,0,0,0,0,0.0,8804,0,0,2000000,2000000,0,0,2000000,7158
2016011391,9,5,0,0,0,0,0,0,0,0,0,459.0,30292,0,0,2000000,2000000,0,0,2000000,16893
2016011391,9,6,0,0,0,0,0,0,0,0,0,0.0,7131,0,0,2000000,2000000,0,0,2000000,2000000
2016011391,9,7,0,0,0,0,0,0,0,0,0,3558.0,30085,0,0,2000000,2000000,0,0,2000000,17460
2016011391,9,9,0,0,0,0,0,0,0,0,0,2089.0,16593,0,0,2000000,2000000,0,0,2000000,5789
2016011290,3,0,0,0,0,0,0,0,0,0,0,0.0,22624,0,0,2000000,2000000,0,0,2000000,7154
2016011290,3,1,0,0,0,0,0,0,0,0,0,0.0,9292,0,0,2000000,2000000,0,0,2000000,2000000
2016011290,3,2,0,0,0,0,0,0,0,0,0,0.0,12545,0,0,2000000,2000000,0,0,2000000,2000000
2016011290,3,5,0,0,0,0,0,0,0,0,0,0.0,9822,0,0,2000000,2000000,0,0,2000000,4917
2016011290,4,0,0,0,0,0,0,0,0,0,0,0.0,25443,0,0,2000000,2000000,0,0,2000000,2000000
2016011290,4,1,0,0,0,0,0,0,0,0,0,0.0,10691,0,0,2000000,2000000,0,0,2000000,2000000
2016011290,4,2,0,0,0,0,0,0,0,0,0,0.0,31356,0,0,2000000,2000000,0,0,2000000,2000000
2016011290,9,0,0,0,0,0,0,0,0,0,0,0.0,16397,0,0,2000000,2000000,0,0,2000000,2000000
2016011290,11,4,0,0,0,0,0,0,0,0,0,2000.0,153151,0,0,2000000,2000000,0,0,2000000,108805
2016011303,1,0,0,0,0,0,0,0,0,0,0,0.0,16031,0,0,2000000,2000000,0,0,2000000,13743
2016011303,1,1,0,0,0,0,0,0,0,0,0,500.0,27450,0,0,2000000,2000000,0,0,2000000,8114
2016011303,2,0,0,0,0,0,0,0,0,0,0,300.0,27569,0,0,2000000,2000000,0,0,2000000,22763
2016011303,2,3,0,0,0,0,0,0,0,0,0,200.0,15506,0,0,2000000,2000000,0,0,2000000,11080
2016011303,3,0,0,0,0,0,0,0,0,0,0,0.0,6457,0,0,2000000,2000000,0,0,2000000,4067
2016011303,3,1,0,0,0,0,0,0,0,0,0,500.0,12671,0,0,2000000,2000000,0,0,2000000,3611
2016011303,4,0,0,0,0,0,0,0,0,0,0,0.0,10415,0,0,2000000,2000000,0,0,2000000,8092
2016011303,4,1,0,0,0,0,0,0,0,0,0,200.0,12947,0,0,2000000,2000000,0,0,2000000,6900
2016011303,5,1,0,0,0,0,0,0,0,0,0,1300.0,19477,0,0,2000000,2000000,0,0,2000000,7480
2016011303,6,0,0,0,0,0,0,0,0,0,0,400.0,19041,0,0,2000000,2000000,0,0,2000000,4257
2016011303,6,1,0,0,0,0,0,0,0,0,0,3600.0,33879,0,0,2000000,2000000,0,0,2000000,3592
2016011303,6,2,0,0,0,0,0,0,0,0,0,200.0,48551,0,0,2000000,2000000,0,0,2000000,37880
2016011303,7,0,0,0,0,0,0,0,0,0,0,300.0,44482,0,0,2000000,2000000,0,0,2000000,27691
2016011303,8,2,0,0,0,0,0,0,0,0,0,1200.0,7426,0,0,2000000,2000000,0,0,2000000,1120
2016011303,9,0,0,0,0,0,0,0,0,0,0,300.0,54843,0,0,2000000,2000000,0,0,2000000,41775
2016011303,9,3,0,0,0,0,0,0,0,0,0,1600.0,35643,0,0,2000000,2000000,0,0,2000000,10848
2016011303,10,0,0,0,0,0,0,0,0,0,0,0.0,21392,0,0,2000000,2000000,0,0,2000000,2000000
2016011303,11,0,0,0,0,0,0,0,0,0,0,0.0,3632,0,0,2000000,2000000,0,0,2000000,2000000
2016011303,11,5,0,0,0,0,0,0,0,0,0,400.0,16599,0,0,2000000,2000000,0,0,2000000,9824
2016011303,12,1,0,0,0,0,0,0,0,0,0,300.0,21339,0,0,2000000,2000000,0,0,2000000,7044
2016011392,2,1,0,0,0,0,0,0,0,0,0,0.0,6347,0,0,2000000,2000000,0,0,2000000,3602
2016011392,3,0,0,0,0,0,0,0,0,0,0,0.0,8440,0,0,2000000,2000000,0,0,2000000,5886
2016011392,3,2,0,0,0,0,0,0,0,0,0,0.0,20132,0,0,2000000,2000000,0,0,2000000,13463
2016011392,4,3,0,0,0,0,0,0,0,0,0,1308.0,109104,0,0,2000000,2000000,0,0,2000000,104184
2016011392,6,0,0,0,0,0,0,0,0,0,0,1524.0,24719,0,0,2000000,2000000,0,0,2000000,9369
2016011392,6,1,0,0,0,0,0,0,0,0,0,587.0,36100,0,0,2000000,2000000,0,0,2000000,638
2016011392,6,2,0,0,0,0,0,0,0,0,0,0.0,13479,0,0,2000000,2000000,0,0,2000000,2000000
2016011392,9,0,0,0,0,0,0,0,0,0,0,1577.0,37368,0,0,2000000,2000000,0,0,2000000,4474
2016011392,9,1,0,0,0,0,0,0,0,0,0,2439.0,53587,0,0,2000000,2000000,0,0,2000000,31078
2016011392,9,2,0,0,0,0,0,0,0,0,0,762.0,18769,0,0,2000000,2000000,0,0,2000000,15691
2016011392,9,4,0,0,0,0,0,0,0,0,0,2466.0,54232,0,0,2000000,2000000,0,0,2000000,29293
2016011392,9,5,0,0,0,0,0,0,0,0,0,1152.0,44199,0,0,2000000,2000000,0,0,2000000,21688
2016011392,9,6,0,0,0,0,0,0,0,0,0,1134.0,20616,0,0,2000000,2000000,0,0,2000000,10826
2016011392,9,7,0,0,0,0,0,0,0,0,0,4454.0,43607,0,0,2000000,2000000,0,0,2000000,9157
2016011392,9,10,0,0,0,0,0,0,0,0,0,3322.0,14819,0,0,2000000,2000000,0,0,2000000,7538
2016011392,9,11,0,0,0,0,0,0,0,0,0,196.0,14985,0,0,2000000,2000000,0,0,2000000,8891
2016011392,9,12,0,0,0,0,0,0,0,0,0,685.0,9650,0,0,2000000,2000000,0,0,2000000,4372
2016011392,9,14,0,0,0,0,0,0,0,0,0,0.0,14131,0,0,2000000,2000000,0,0,2000000,9664
2016011392,9,15,0,0,0,0,0,0,0,0,0,3637.0,14638,0,0,2000000,2000000,0,0,2000000,3117
2016011392,9,16,0,0,0,0,0,0,0,0,0,611.0,13065,0,0,2000000,2000000,0,0,2000000,3902
2016011392,9,18,0,0,0,0,0,0,0,0,0,2215.0,16028,0,0,2000000,2000000,0,0,2000000,2802
2016011392,9,19,0,0,0,0,0,0,0,0,0,4269.0,40797,0,0,2000000,2000000,0,0,2000000,8385
2016011392,9,20,0,0,0,0,0,0,0,0,0,4212.0,44992,0,0,2000000,2000000,0,0,2000000,9507
2016011392,9,21,0,0,0,0,0,0,0,0,0,6464.0,96968,0,0,2000000,2000000,0,0,2000000,51131
2016011392,12,2,0,0,0,0,0,0,0,0,0,2368.0,29420,0,0,2000000,2000000,0,0,2000000,13620
2016011392,12,5,0,0,0,0,0,0,0,0,0,9798.0,134230,0,0,2000000,2000000,0,0,2000000,132505
2016010811,1,4,0,0,0,0,0,0,0,0,0,9500.0,80959,0,0,2000000,2000000,0,0,2000000,3946
2016010811,3,0,0,0,0,0,0,0,0,0,0,0.0,25386,0,0,2000000,2000000,0,0,2000000,2000000
2016010811,3,1,0,0,0,0,0,0,0,0,0,1200.0,15991,0,0,2000000,2000000,0,0,2000000,3134
2016010811,3,2,0,0,0,0,0,0,0,0,0,700.0,14569,0,0,2000000,2000000,0,0,2000000,4013
2016010811,3,7,0,0,0,0,0,0,0,0,0,0.0,8062,0,0,2000000,2000000,0,0,2000000,2000000
2016010811,4,0,0,0,0,0,0,0,0,0,0,0.0,8587,0,0,2000000,2000000,0,0,2000000,2000000
2016010811,4,2,0,0,0,0,0,0,0,0,0,1300.0,21460,0,0,2000000,2000000,0,0,2000000,12119
2016010811,4,3,0,0,0,0,0,0,0,0,0,1400.0,36719,0,0,2000000,2000000,0,0,2000000,16828
2016010811,4,4,0,0,0,0,0,0,0,0,0,1300.0,20523,0,0,2000000,2000000,0,0,2000000,5508
2016010811,4,6,0,0,0,0,0,0,0,0,0,800.0,36115,0,0,2000000,2000000,0,0,2000000,1892
2016010811,4,7,0,0,0,0,0,0,0,0,0,2400.0,83849,0,0,2000000,2000000,0,0,2000000,1313
2016010811,5,1,0,0,0,0,0,0,0,0,0,0.0,3533,0,0,2000000,2000000,0,0,2000000,2075
2016010811,6,0,0,0,0,0,0,0,0,0,0,1000.0,15723,0,0,2000000,2000000,0,0,2000000,5382
2016010811,9,0,0,0,0,0,0,0,0,0,0,400.0,12068,0,0,2000000,2000000,0,0,2000000,5790
2016010811,9,2,0,0,0,0,0,0,0,0,0,0.0,17649,0,0,2000000,2000000,0,0,2000000,2000000
2016010811,9,3,0,0,0,0,0,0,0,0,0,0.0,12315,0,0,2000000,2000000,0,0,2000000,2000000
2016010811,9,6,0,0,0,0,0,0,0,0,0,0.0,5347,0,0,2000000,2000000,0,0,2000000,2000000
2016010811,9,7,0,0,0,0,0,0,0,0,0,1400.0,20145,0,0,2000000,2000000,0,0,2000000,4950
2016010811,9,8,0,0,0,0,0,0,0,0,0,3700.0,35854,0,0,2000000,2000000,0,0,2000000,11283
2016010811,9,9,0,0,0,0,0,0,0,0,0,0.0,10439,0,0,2000000,2000000,0,0,2000000,2000000
2016010811,9,10,0,0,0,0,0,0,0,0,0,1200.0,16082,0,0,2000000,2000000,0,0,2000000,3879
2016010811,9,13,0,0,0,0,0,0,0,0,0,1000.0,15837,0,0,2000000,2000000,0,0,2000000,8367
2016010811,9,14,0,0,0,0,0,0,0,0,0,3200.0,24811,0,0,2000000,2000000,0,0,2000000,3589
2016010811,9,15,0,0,0,0,0,0,0,0,0,900.0,10933,0,0,2000000,2000000,0,0,2000000,1813
2016010811,9,17,0,0,0,0,0,0,0,0,0,0.0,15331,0,0,2000000,2000000,0,0,2000000,2000000
2016010811,9,18,0,0,0,0,0,0,0,0,0,1700.0,22668,0,0,2000000,2000000,0,0,2000000,3102
2016010811,9,20,0,0,0,0,0,0,0,0,0,0.0,4314,0,0,2000000,2000000,0,0,2000000,2000000
2016010811,10,0,0,0,0,0,0,0,0,0,0,0.0,30798,0,0,2000000,2000000,0,0,2000000,6588
2016010811,10,1,0,0,0,0,0,0,0,0,0,0.0,12938,0,0,2000000,2000000,0,0,2000000,2000000
2016010811,10,2,0,0,0,0,0,0,0,0,0,3500.0,46749,0,0,2000000,2000000,0,0,2000000,12897
2016010811,10,4,0,0,0,0,0,0,0,0,0,0.0,43382,0,0,2000000,2000000,0,0,2000000,30591
2016010811,11,1,0,0,0,0,0,0,0,0,0,1400.0,21412,0,0,2000000,2000000,0,0,2000000,2596
2016010811,11,2,0,0,0,0,0,0,0,0,0,0.0,4226,0,0,2000000,2000000,0,0,2000000,2000000
2016010811,11,4,0,0,0,0,0,0,0,0,0,0.0,5882,0,0,2000000,2000000,0,0,2000000,2000000
2016010811,11,5,0,0,0,0,0,0,0,0,0,0.0,5320,0,0,2000000,2000000,0,0,2000000,2000000
2016010811,12,1,0,0,0,0,0,0,0,0,0,0.0,4655,0,0,2000000,2000000,0,0,2000000,2000000
2016010811,12,2,0,0,0,0,0,0,0,0,0,6100.0,28078,0,0,2000000,2000000,0,0,2000000,5419
2016010811,12,9,0,0,0,0,0,0,0,0,0,0.0,2353,0,0,2000000,2000000,0,0,2000000,2000000
2016010811,12,10,0,0,0,0,0,0,0,0,0,1600.0,14505,0,0,2000000,2000000,0,0,2000000,3897
2016010811,12,11,0,0,0,0,0,0,0,0,0,500.0,9575,0,0,2000000,2000000,0,0,2000000,6243
2016011297,1,2,0,0,0,0,0,0,0,0,0,1400.0,36149,0,0,2000000,2000000,0,0,2000000,18125
2016011297,9,1,0,0,0,0,0,0,0,0,0,3400.0,39430,0,0,2000000,2000000,0,0,2000000,11503
2016011297,9,2,0,0,0,0,0,0,0,0,0,1800.0,12364,0,0,2000000,2000000,0,0,2000000,3580
2016011297,9,4,0,0,0,0,0,0,0,0,0,1700.0,21568,0,0,2000000,2000000,0,0,2000000,4488
2016011297,9,6,0,0,0,0,0,0,0,0,0,100.0,3253,0,0,2000000,2000000,0,0,2000000,2008
2016011297,9,7,0,0,0,0,0,0,0,0,0,700.0,11879,0,0,2000000,2000000,0,0,2000000,4201
2016011297,9,8,0,0,0,0,0,0,0,0,0,1100.0,13181,0,0,2000000,2000000,0,0,2000000,7050
2016011297,9,9,0,0,0,0,0,0,0,0,0,0.0,4866,0,0,2000000,2000000,0,0,2000000,2000000
2016011297,11,3,0,0,0,0,0,0,0,0,0,900.0,26200,0,0,2000000,2000000,0,0,2000000,6650
2016011330,1,0,0,0,0,0,0,0,0,0,0,600.0,19457,0,0,2000000,2000000,0,0,2000000,5906
2016011330,1,1,0,0,0,0,0,0,0,0,0,5200.0,47675,0,0,2000000,2000000,0,0,2000000,9102
2016011330,1,2,0,0,0,0,0,0,0,0,0,6900.0,79894,0,0,2000000,2000000,0,0,2000000,2975
2016011330,2,0,0,0,0,0,0,0,0,0,0,300.0,13072,0,0,2000000,2000000,0,0,2000000,9568
2016011330,2,1,0,0,0,0,0,0,0,0,0,2600.0,58047,0,0,2000000,2000000,0,0,2000000,17345
2016011330,2,2,0,0,0,0,0,0,0,0,0,2300.0,63747,0,0,2000000,2000000,0,0,2000000,12927
2016011330,2,3,0,0,0,0,0,0,0,0,0,1794.0,89677,0,0,2000000,2000000,0,0,2000000,9977
2016011330,3,0,0,0,0,0,0,0,0,0,0,600.0,41823,0,0,2000000,2000000,0,0,2000000,13007
2016011330,3,1,0,0,0,0,0,0,0,0,0,1700.0,85018,0,0,2000000,2000000,0,0,2000000,48997
2016011330,3,2,0,0,0,0,0,0,0,0,0,200.0,12709,0,0,2000000,2000000,0,0,2000000,2730
2016011330,3,3,0,0,0,0,0,0,0,0,0,2300.0,58921,0,0,2000000,2000000,0,0,2000000,1674
2016011330,4,0,0,0,0,0,0,0,0,0,0,300.0,42410,0,0,2000000,2000000,0,0,2000000,4146
2016011330,4,1,0,0,0,0,0,0,0,0,0,1100.0,27161,0,0,2000000,2000000,0,0,2000000,758
2016011330,4,2,0,0,0,0,0,0,0,0,0,1300.0,58468,0,0,2000000,2000000,0,0,2000000,51311
2016011330,5,1,0,0,0,0,0,0,0,0,0,5500.0,51403,0,0,2000000,2000000,0,0,2000000,5653
2016011330,6,1,0,0,0,0,0,0,0,0,0,900.0,12176,0,0,2000000,2000000,0,0,2000000,745
2016011330,7,0,0,0,0,0,0,0,0,0,0,200.0,10380,0,0,2000000,2000000,0,0,2000000,4913
2016011330,7,2,0,0,0,0,0,0,0,0,0,1400.0,18531,0,0,2000000,2000000,0,0,2000000,12282
2016011330,7,3,0,0,0,0,0,0,0,0,0,2100.0,24907,0,0,2000000,2000000,0,0,2000000,6992
2016011330,7,4,0,0,0,0,0,0,0,0,0,1900.0,26521,0,0,2000000,2000000,0,0,2000000,17320
2016011330,8,0,0,0,0,0,0,0,0,0,0,2100.0,38952,0,0,2000000,2000000,0,0,2000000,13598
2016011330,8,1,0,0,0,0,0,0,0,0,0,1400.0,21024,0,0,2000000,2000000,0,0,2000000,4977
2016011330,8,2,0,0,0,0,0,0,0,0,0,4300.0,13531,0,0,2000000,2000000,0,0,2000000,1344
2016011330,9,0,0,0,0,0,0,0,0,0,0,5200.0,152918,0,0,2000000,2000000,0,0,2000000,19071
2016011330,9,1,0,0,0,0,0,0,0,0,0,7200.0,68216,0,0,2000000,2000000,0,0,2000000,18979
2016011330,9,2,0,0,0,0,0,0,0,0,0,4200.0,57075,0,0,2000000,2000000,0,0,2000000,33193
2016011330,9,3,0,0,0,0,0,0,0,0,0,3000.0,24547,0,0,2000000,2000000,0,0,2000000,11116
2016011330,9,7,0,0,0,0,0,0,0,0,0,8600.0,118798,0,0,2000000,2000000,0,0,2000000,597
2016011330,9,9,0,0,0,0,0,0,0,0,0,4500.0,24531,0,0,2000000,2000000,0,0,2000000,5400
2016011330,9,11,0,0,0,0,0,0,0,0,0,1100.0,9570,0,0,2000000,2000000,0,0,2000000,5695
2016011330,9,12,0,0,0,0,0,0,0,0,0,3700.0,25099,0,0,2000000,2000000,0,0,2000000,8671
2016011330,9,13,0,0,0,0,0,0,0,0,0,10000.0,73690,0,0,2000000,2000000,0,0,2000000,13385
2016011330,11,1,0,0,0,0,0,0,0,0,0,0.0,14649,0,0,2000000,2000000,0,0,2000000,8638
2016011330,11,3,0,0,0,0,0,0,0,0,0,1500.0,24825,0,0,2000000,2000000,0,0,2000000,1949
2016011330,12,1,0,0,0,0,0,0,0,0,0,1500.0,16634,0,0,2000000,2000000,0,0,2000000,8847
2016011330,12,2,0,0,0,0,0,0,0,0,0,11000.0,16408,0,0,2000000,2000000,0,0,2000000,1840
2015012820,2,0,0,0,0,0,0,0,0,0,0,0.0,6240,0,0,2000000,2000000,0,0,2000000,2290
2015012820,2,5,0,0,0,0,0,0,0,0,0,1200.0,23132,0,0,2000000,2000000,0,0,2000000,6618
2015012820,3,2,0,0,0,0,0,0,0,0,0,700.0,8797,0,0,2000000,2000000,0,0,2000000,4063
2015012820,5,2,0,0,0,0,0,0,0,0,0,2600.0,8450,0,0,2000000,2000000,0,0,2000000,3801
2015012820,5,3,0,0,0,0,0,0,0,0,0,3400.0,7801,0,0,2000000,2000000,0,0,2000000,808
2015012820,6,0,0,0,0,0,0,0,0,0,0,1600.0,22156,0,0,2000000,2000000,0,0,2000000,7952
2015012820,9,3,0,0,0,0,0,0,0,0,0,6800.0,15077,0,0,2000000,2000000,0,0,2000000,2074
2015012820,9,4,0,0,0,0,0,0,0,0,0,1100.0,10318,0,0,2000000,2000000,0,0,2000000,6
2015012820,9,5,0,0,0,0,0,0,0,0,0,8000.0,21971,0,0,2000000,2000000,0,0,2000000,1880
2015012820,9,6,0,0,0,0,0,0,0,0,0,2300.0,18859,0,0,2000000,2000000,0,0,2000000,13428
2015012820,9,7,0,0,0,0,0,0,0,0,0,15500.0,25947,0,0,2000000,2000000,0,0,2000000,11045
2015012820,9,8,0,0,0,0,0,0,0,0,0,7900.0,97911,0,0,2000000,2000000,0,0,2000000,87335
2015012820,11,1,0,0,0,0,0,0,0,0,0,0.0,347217,0,0,2000000,2000000,0,0,2000000,2000000
2015012820,11,2,0,0,0,0,0,0,0,0,0,700.0,18839,0,0,2000000,2000000,0,0,2000000,2000000
2015012820,12,2,0,0,0,0,0,0,0,0,0,0.0,3916,0,0,2000000,2000000,0,0,2000000,2000000
2015012820,12,4,0,0,0,0,0,0,0,0,0,5500.0,17250,0,0,2000000,2000000,0,0,2000000,7098
2015012820,12,5,0,0,0,0,0,0,0,0,0,2100.0,9686,0,0,2000000,2000000,0,0,2000000,2905
2015012820,12,6,0,0,0,0,0,0,0,0,0,2000.0,10518,0,0,2000000,2000000,0,0,2000000,3153
2015012820,12,7,0,0,0,0,0,0,0,0,0,7000.0,69756,0,0,2000000,2000000,0,0,2000000,57267
2015011753,1,0,0,0,0,0,0,0,0,0,0,3700.0,15995,0,0,2000000,2000000,0,0,2000000,1963
2015011753,3,0,0,0,0,0,0,0,0,0,0,1000.0,32928,0,0,2000000,2000000,0,0,2000000,8033
2015011753,3,1,0,0,0,0,0,0,0,0,0,3400.0,39435,0,0,2000000,2000000,0,0,2000000,12362
2015011753,4,1,0,0,0,0,0,0,0,0,0,15700.0,47560,0,0,2000000,2000000,0,0,2000000,4082
2015011753,5,0,0,0,0,0,0,0,0,0,0,3200.0,26119,0,0,2000000,2000000,0,0,2000000,4521
2015011753,5,1,0,0,0,0,0,0,0,0,0,3600.0,18561,0,0,2000000,2000000,0,0,2000000,5738
2015011753,7,0,0,0,0,0,0,0,0,0,0,4000.0,64844,0,0,2000000,2000000,0,0,2000000,18563
2015011753,7,1,0,0,0,0,0,0,0,0,0,3000.0,51031,0,0,2000000,2000000,0,0,2000000,17758
2015011753,7,2,0,0,0,0,0,0,0,0,0,1730.0,70328,0,0,2000000,2000000,0,0,2000000,29729
2015011753,7,3,0,0,0,0,0,0,0,0,0,10700.0,62845,0,0,2000000,2000000,0,0,2000000,6437
2015011753,8,0,0,0,0,0,0,0,0,0,0,2500.0,24543,0,0,2000000,2000000,0,0,2000000,13883
2015011753,9,0,0,0,0,0,0,0,0,0,0,8000.0,52469,0,0,2000000,2000000,0,0,2000000,8468
2015011753,9,2,0,0,0,0,0,0,0,0,0,4500.0,38919,0,0,2000000,2000000,0,0,2000000,14765
2015011753,9,3,0,0,0,0,0,0,0,0,0,4100.0,28299,0,0,2000000,2000000,0,0,2000000,4837
2015011753,9,5,0,0,0,0,0,0,0,0,0,1500.0,24058,0,0,2000000,2000000,0,0,2000000,9184
2015011753,9,6,0,0,0,0,0,0,0,0,0,6100.0,31937,0,0,2000000,2000000,0,0,2000000,4737
2015011753,9,7,0,0,0,0,0,0,0,0,0,7100.0,60083,0,0,2000000,2000000,0,0,2000000,1973
2015012610,3,0,0,0,0,0,0,0,0,0,0,0.0,10856,0,0,2000000,2000000,0,0,2000000,10016
2015012610,4,0,0,0,0,0,0,0,0,0,0,1000.0,8350,0,0,2000000,2000000,0,0,2000000,602
2015012610,4,3,0,0,0,0,0,0,0,0,0,0.0,1594,0,0,2000000,2000000,0,0,2000000,2000000
2015012610,4,5,0,0,0,0,0,0,0,0,0,600.0,5240,0,0,2000000,2000000,0,0,2000000,3518
2015012610,5,0,0,0,0,0,0,0,0,0,0,800.0,19434,0,0,2000000,2000000,0,0,2000000,5049
2015012610,5,1,0,0,0,0,0,0,0,0,0,2000.0,44486,0,0,2000000,2000000,0,0,2000000,8698
2015012610,5,2,0,0,0,0,0,0,0,0,0,1500.0,17927,0,0,2000000,2000000,0,0,2000000,9727
2015012610,5,3,0,0,0,0,0,0,0,0,0,1000.0,3315,0,0,2000000,2000000,0,0,2000000,1057
2015012610,6,0,0,0,0,0,0,0,0,0,0,720.0,7505,0,0,2000000,2000000,0,0,2000000,4553
2015012610,6,1,0,0,0,0,0,0,0,0,0,1760.0,15475,0,0,2000000,2000000,0,0,2000000,6650
2015012610,6,2,0,0,0,0,0,0,0,0,0,2640.0,31187,0,0,2000000,2000000,0,0,2000000,8522
2015012610,6,4,0,0,0,0,0,0,0,0,0,2480.0,26853,0,0,2000000,2000000,0,0,2000000,14875
2015012610,7,1,0,0,0,0,0,0,0,0,0,1500.0,24853,0,0,2000000,2000000,0,0,2000000,9648
2015012610,7,2,0,0,0,0,0,0,0,0,0,1400.0,16267,0,0,2000000,2000000,0,0,2000000,5651
2015012610,7,3,0,0,0,0,0,0,0,0,0,500.0,19440,0,0,2000000,2000000,0,0,2000000,2122
2015012610,9,0,0,0,0,0,0,0,0,0,0,0.0,8237,0,0,2000000,2000000,0,0,2000000,5120
2015012610,9,1,0,0,0,0,0,0,0,0,0,800.0,7428,0,0,2000000,2000000,0,0,2000000,2074
2015012610,9,3,0,0,0,0,0,0,0,0,0,1800.0,9822,0,0,2000000,2000000,0,0,2000000,3333
2015012610,9,4,0,0,0,0,0,0,0,0,0,0.0,21040,0,0,2000000,2000000,0,0,2000000,19728
2015012610,9,6,0,0,0,0,0,0,0,0,0,0.0,8252,0,0,2000000,2000000,0,0,2000000,2000000
2015012610,10,0,0,0,0,0,0,0,0,0,0,1040.0,12746,0,0,2000000,2000000,0,0,2000000,2185
2015012610,10,1,0,0,0,0,0,0,0,0,0,400.0,51785,0,0,2000000,2000000,0,0,2000000,3112
2015012610,10,2,0,0,0,0,0,0,0,0,0,800.0,24118,0,0,2000000,2000000,0,0,2000000,1485
2015012610,11,0,0,0,0,0,0,0,0,0,0,0.0,45770,0,0,2000000,2000000,0,0,2000000,2290
2015012610,11,1,0,0,0,0,0,0,0,0,0,1000.0,45746,0,0,2000000,2000000,0,0,2000000,4653
2015012610,11,2,0,0,0,0,0,0,0,0,0,0.0,12944,0,0,2000000,2000000,0,0,2000000,12714
2015012610,11,3,0,0,0,0,0,0,0,0,0,3200.0,43619,0,0,2000000,2000000,0,0,2000000,1392
2015012610,12,0,0,0,0,0,0,0,0,0,0,0.0,14987,0,0,2000000,2000000,0,0,2000000,10480
2015012610,12,1,0,0,0,0,0,0,0,0,0,1500.0,13165,0,0,2000000,2000000,0,0,2000000,3878
2015012610,12,2,0,0,0,0,0,0,0,0,0,1200.0,14213,0,0,2000000,2000000,0,0,2000000,4190
2013011818,3,0,0,0,0,0,0,0,0,0,0,0.0,9147,0,0,2000000,2000000,0,0,2000000,2000000
2013011818,3,1,0,0,0,0,0,0,0,0,0,0.0,18242,0,0,2000000,2000000,0,0,2000000,5225
2013011818,4,1,0,0,0,0,0,0,0,0,0,3000.0,32700,0,0,2000000,2000000,0,0,2000000,2519
2013011818,9,0,0,0,0,0,0,0,0,0,0,0.0,13454,0,0,2000000,2000000,0,0,2000000,2000000
2013011818,10,1,0,0,0,0,0,0,0,0,0,0.0,18391,0,0,2000000,2000000,0,0,2000000,5426
2015012739,1,2,0,0,0,0,0,0,0,0,0,700.0,32882,0,0,2000000,2000000,0,0,2000000,10512
2015012739,11,1,0,0,0,0,0,0,0,0,0,900.0,24957,0,0,2000000,2000000,0,0,2000000,11780
2015012630,2,0,0,0,0,0,0,0,0,0,0,1100.0,23395,0,0,2000000,2000000,0,0,2000000,6027
2015012630,2,1,0,0,0,0,0,0,0,0,0,3400.0,175171,0,0,2000000,2000000,0,0,2000000,122295
2015012630,4,0,0,0,0,0,0,0,0,0,0,0.0,89769,0,0,2000000,2000000,0,0,2000000,85071
2015012630,9,0,0,0,0,0,0,0,0,0,0,400.0,21293,0,0,2000000,2000000,0,0,2000000,7150
2015012630,9,1,0,0,0,0,0,0,0,0,0,900.0,28796,0,0,2000000,2000000,0,0,2000000,7941
2015012630,9,2,0,0,0,0,0,0,0,0,0,5000.0,33072,0,0,2000000,2000000,0,0,2000000,2377
2015012630,9,4,0,0,0,0,0,0,0,0,0,4300.0,45590,0,0,2000000,2000000,0,0,2000000,6385
2015012630,9,5,0,0,0,0,0,0,0,0,0,0.0,12796,0,0,2000000,2000000,0,0,2000000,2000000
2015012630,9,6,0,0,0,0,0,0,0,0,0,400.0,11209,0,0,2000000,2000000,0,0,2000000,4920
2015012630,9,7,0,0,0,0,0,0,0,0,0,900.0,18209,0,0,2000000,2000000,0,0,2000000,4161
2015012630,9,8,0,0,0,0,0,0,0,0,0,6700.0,47800,0,0,2000000,2000000,0,0,2000000,3931
2015012630,9,9,0,0,0,0,0,0,0,0,0,1972.0,11243,0,0,2000000,2000000,0,0,2000000,4128
2015011759,1,2,0,0,0,0,0,0,0,0,0,2400.0,42708,0,0,2000000,2000000,0,0,2000000,1722
2015011759,1,3,0,0,0,0,0,0,0,0,0,600.0,19056,0,0,2000000,2000000,0,0,2000000,5919
2015011759,2,0,0,0,0,0,0,0,0,0,0,1200.0,40677,0,0,2000000,2000000,0,0,2000000,6001
2015011759,2,2,0,0,0,0,0,0,0,0,0,1700.0,35036,0,0,2000000,2000000,0,0,2000000,9610
2015011759,2,3,0,0,0,0,0,0,0,0,0,7800.0,71150,0,0,2000000,2000000,0,0,2000000,8641
2015011759,2,5,0,0,0,0,0,0,0,0,0,4200.0,42771,0,0,2000000,2000000,0,0,2000000,21489
2015011759,2,6,0,0,0,0,0,0,0,0,0,0.0,24424,0,0,2000000,2000000,0,0,2000000,9249
2015011759,2,8,0,0,0,0,0,0,0,0,0,1700.0,27469,0,0,2000000,2000000,0,0,2000000,8058
2015011759,2,9,0,0,0,0,0,0,0,0,0,500.0,214837,0,0,2000000,2000000,0,0,2000000,203498
2015011759,3,0,0,0,0,0,0,0,0,0,0,0.0,20001,0,0,2000000,2000000,0,0,2000000,15262
2015011759,3,1,0,0,0,0,0,0,0,0,0,800.0,30813,0,0,2000000,2000000,0,0,2000000,13851
2015011759,3,2,0,0,0,0,0,0,0,0,0,3400.0,54303,0,0,2000000,2000000,0,0,2000000,6796
2015011759,3,3,0,0,0,0,0,0,0,0,0,500.0,14255,0,0,2000000,2000000,0,0,2000000,1421
2015011759,4,1,0,0,0,0,0,0,0,0,0,0.0,93297,0,0,2000000,2000000,0,0,2000000,75858
2015011759,5,0,0,0,0,0,0,0,0,0,0,500.0,26931,0,0,2000000,2000000,0,0,2000000,5891
2015011759,8,0,0,0,0,0,0,0,0,0,0,600.0,10791,0,0,2000000,2000000,0,0,2000000,3008
2015011759,8,2,0,0,0,0,0,0,0,0,0,0.0,9608,0,0,2000000,2000000,0,0,2000000,6746
2015011759,9,1,0,0,0,0,0,0,0,0,0,300.0,12401,0,0,2000000,2000000,0,0,2000000,7304
2015011759,9,2,0,0,0,0,0,0,0,0,0,0.0,12827,0,0,2000000,2000000,0,0,2000000,3874
2015011759,9,3,0,0,0,0,0,0,0,0,0,2700.0,20986,0,0,2000000,2000000,0,0,2000000,6162
2015011759,9,4,0,0,0,0,0,0,0,0,0,1300.0,25508,0,0,2000000,2000000,0,0,2000000,13256
2015011759,9,5,0,0,0,0,0,0,0,0,0,0.0,17353,0,0,2000000,2000000,0,0,2000000,2000000
2015011759,9,6,0,0,0,0,0,0,0,0,0,0.0,17066,0,0,2000000,2000000,0,0,2000000,15058
2015011759,9,7,0,0,0,0,0,0,0,0,0,1700.0,10506,0,0,2000000,2000000,0,0,2000000,1784
2015011759,9,9,0,0,0,0,0,0,0,0,0,4200.0,69111,0,0,2000000,2000000,0,0,2000000,3548
2015011759,9,10,0,0,0,0,0,0,0,0,0,2000.0,17555,0,0,2000000,2000000,0,0,2000000,5384
2015011759,9,11,0,0,0,0,0,0,0,0,0,1000.0,13301,0,0,2000000,2000000,0,0,2000000,5152
2015011759,9,13,0,0,0,0,0,0,0,0,0,1799.0,16108,0,0,2000000,2000000,0,0,2000000,5266
2015011759,9,15,0,0,0,0,0,0,0,0,0,700.0,18032,0,0,2000000,2000000,0,0,2000000,3072
2015011759,9,16,0,0,0,0,0,0,0,0,0,400.0,6338,0,0,2000000,2000000,0,0,2000000,2062
2015011759,9,17,0,0,0,0,0,0,0,0,0,0.0,4206,0,0,2000000,2000000,0,0,2000000,2656
2015011759,9,18,0,0,0,0,0,0,0,0,0,4100.0,66078,0,0,2000000,2000000,0,0,2000000,7
2015011759,10,1,0,0,0,0,0,0,0,0,0,4731.0,85860,0,0,2000000,2000000,0,0,2000000,14418
2015011759,11,3,0,0,0,0,0,0,0,0,0,1600.0,26102,0,0,2000000,2000000,0,0,2000000,5426
2015011759,12,0,0,0,0,0,0,0,0,0,0,2100.0,24885,0,0,2000000,2000000,0,0,2000000,4465
2015012822,2,0,0,0,0,0,0,0,0,0,0,4400.0,29369,0,0,2000000,2000000,0,0,2000000,506
2015012822,2,1,0,0,0,0,0,0,0,0,0,300.0,5987,0,0,2000000,2000000,0,0,2000000,2738
2015012822,2,2,0,0,0,0,0,0,0,0,0,0.0,19752,0,0,2000000,2000000,0,0,2000000,8633
2015012822,3,0,0,0,0,0,0,0,0,0,0,0.0,6296,0,0,2000000,2000000,0,0,2000000,4482
2015012822,3,1,0,0,0,0,0,0,0,0,0,300.0,54659,0,0,2000000,2000000,0,0,2000000,42335
2015012822,3,2,0,0,0,0,0,0,0,0,0,0.0,3192,0,0,2000000,2000000,0,0,2000000,2000000
2015012822,4,1,0,0,0,0,0,0,0,0,0,900.0,14734,0,0,2000000,2000000,0,0,2000000,9598
2015012822,5,3,0,0,0,0,0,0,0,0,0,0.0,9261,0,0,2000000,2000000,0,0,2000000,5859
2015012822,9,4,0,0,0,0,0,0,0,0,0,2900.0,13386,0,0,2000000,2000000,0,0,2000000,4218
2015012881,2,2,0,0,0,0,0,0,0,0,0,200.0,13931,0,0,2000000,2000000,0,0,2000000,10962
2015012881,6,2,0,0,0,0,0,0,0,0,0,1500.0,13510,0,0,2000000,2000000,0,0,2000000,2114
2015012881,9,1,0,0,0,0,0,0,0,0,0,0.0,9651,0,0,2000000,2000000,0,0,2000000,2000000
2015012881,9,3,0,0,0,0,0,0,0,0,0,0.0,55758,0,0,2000000,2000000,0,0,2000000,2000000
2015012881,9,4,0,0,0,0,0,0,0,0,0,3100.0,46711,0,0,2000000,2000000,0,0,2000000,7779
2015012881,9,5,0,0,0,0,0,0,0,0,0,1900.0,38870,0,0,2000000,2000000,0,0,2000000,18779
2015012881,9,6,0,0,0,0,0,0,0,0,0,4100.0,55991,0,0,2000000,2000000,0,0,2000000,4302
2015012881,11,2,0,0,0,0,0,0,0,0,0,2800.0,49391,0,0,2000000,2000000,0,0,2000000,19160
2015012881,11,3,0,0,0,0,0,0,0,0,0,1100.0,34831,0,0,2000000,2000000,0,0,2000000,11665
2015012881,11,4,0,0,0,0,0,0,0,0,0,1000.0,28101,0,0,2000000,2000000,0,0,2000000,8382
2015012881,12,0,0,0,0,0,0,0,0,0,0,3900.0,61373,0,0,2000000,2000000,0,0,2000000,7209
2015012881,12,2,0,0,0,0,0,0,0,0,0,1700.0,21385,0,0,2000000,2000000,0,0,2000000,5440
2015011771,1,0,0,0,0,0,0,0,0,0,0,0.0,5423,0,0,2000000,2000000,0,0,2000000,563
2015011771,3,0,0,0,0,0,0,0,0,0,0,0.0,44918,0,0,2000000,2000000,0,0,2000000,2000000
2015011771,3,2,0,0,0,0,0,0,0,0,0,1800.0,10800,0,0,2000000,2000000,0,0,2000000,3745
2015011771,3,3,0,0,0,0,0,0,0,0,0,0.0,5635,0,0,2000000,2000000,0,0,2000000,3528
2015011771,4,1,0,0,0,0,0,0,0,0,0,2600.0,9841,0,0,2000000,2000000,0,0,2000000,2842
2015011771,6,1,0,0,0,0,0,0,0,0,0,3500.0,33040,0,0,2000000,2000000,0,0,2000000,3414
2015011771,6,2,0,0,0,0,0,0,0,0,0,0.0,8881,0,0,2000000,2000000,0,0,2000000,6008
2015011771,7,2,0,0,0,0,0,0,0,0,0,300.0,6749,0,0,2000000,2000000,0,0,2000000,3211
2015011771,9,1,0,0,0,0,0,0,0,0,0,9200.0,27941,0,0,2000000,2000000,0,0,2000000,7193
2015011771,9,3,0,0,0,0,0,0,0,0,0,600.0,16172,0,0,2000000,2000000,0,0,2000000,4761
2015011771,9,4,0,0,0,0,0,0,0,0,0,2700.0,14180,0,0,2000000,2000000,0,0,2000000,4049
2015011771,9,6,0,0,0,0,0,0,0,0,0,5100.0,15020,0,0,2000000,2000000,0,0,2000000,3415
2015011771,9,7,0,0,0,0,0,0,0,0,0,500.0,7273,0,0,2000000,2000000,0,0,2000000,4249
2015011771,11,1,0,0,0,0,0,0,0,0,0,1100.0,17604,0,0,2000000,2000000,0,0,2000000,2520
2015011771,11,2,0,0,0,0,0,0,0,0,0,7800.0,52562,0,0,2000000,2000000,0,0,2000000,3172
2015011771,11,6,0,0,0,0,0,0,0,0,0,0.0,4482,0,0,2000000,2000000,0,0,2000000,2000000
2015011742,1,8,0,0,0,0,0,0,0,0,0,1800.0,22392,0,0,2000000,2000000,0,0,2000000,2922
2015011742,1,12,0,0,0,0,0,0,0,0,0,400.0,6140,0,0,2000000,2000000,0,0,2000000,2745
2015011742,2,0,0,0,0,0,0,0,0,0,0,1600.0,143047,0,0,2000000,2000000,0,0,2000000,12232
2015011742,2,1,0,0,0,0,0,0,0,0,0,1400.0,21656,0,0,2000000,2000000,0,0,2000000,6303
2015011742,2,2,0,0,0,0,0,0,0,0,0,0.0,19982,0,0,2000000,2000000,0,0,2000000,1327
2015011742,3,0,0,0,0,0,0,0,0,0,0,0.0,8604,0,0,2000000,2000000,0,0,2000000,2762
2015011742,3,1,0,0,0,0,0,0,0,0,0,0.0,7091,0,0,2000000,2000000,0,0,2000000,5927
2015011742,4,2,0,0,0,0,0,0,0,0,0,2300.0,9665,0,0,2000000,2000000,0,0,2000000,3068
2015011742,4,3,0,0,0,0,0,0,0,0,0,0.0,19174,0,0,2000000,2000000,0,0,2000000,2000000
2015011742,4,4,0,0,0,0,0,0,0,0,0,0.0,11833,0,0,2000000,2000000,0,0,2000000,8245
2015011742,4,6,0,0,0,0,0,0,0,0,0,400.0,8024,0,0,2000000,2000000,0,0,2000000,4584
2015011742,4,7,0,0,0,0,0,0,0,0,0,900.0,7161,0,0,2000000,2000000,0,0,2000000,3308
2015011742,4,9,0,0,0,0,0,0,0,0,0,1000.0,6937,0,0,2000000,2000000,0,0,2000000,1936
2015011742,6,0,0,0,0,0,0,0,0,0,0,1900.0,24912,0,0,2000000,2000000,0,0,2000000,3465
2015011742,6,2,0,0,0,0,0,0,0,0,0,2700.0,12607,0,0,2000000,2000000,0,0,2000000,5931
2015011742,6,3,0,0,0,0,0,0,0,0,0,1750.0,16779,0,0,2000000,2000000,0,0,2000000,3596
2015011742,6,4,0,0,0,0,0,0,0,0,0,300.0,7481,0,0,2000000,2000000,0,0,2000000,4537
2015011742,6,6,0,0,0,0,0,0,0,0,0,2600.0,12607,0,0,2000000,2000000,0,0,2000000,5120
2015011742,6,7,0,0,0,0,0,0,0,0,0,1300.0,9923,0,0,2000000,2000000,0,0,2000000,2452
2015011742,6,8,0,0,0,0,0,0,0,0,0,1400.0,21152,0,0,2000000,2000000,0,0,2000000,7561
2015011742,6,9,0,0,0,0,0,0,0,0,0,1100.0,15595,0,0,2000000,2000000,0,0,2000000,2596
2015011742,7,3,0,0,0,0,0,0,0,0,0,0.0,4131,0,0,2000000,2000000,0,0,2000000,2000000
2015011742,9,0,0,0,0,0,0,0,0,0,0,900.0,12197,0,0,2000000,2000000,0,0,2000000,2464
2015011742,9,1,0,0,0,0,0,0,0,0,0,0.0,8445,0,0,2000000,2000000,0,0,2000000,2403
2015011742,9,2,0,0,0,0,0,0,0,0,0,200.0,11812,0,0,2000000,2000000,0,0,2000000,9434
2015011742,9,3,0,0,0,0,0,0,0,0,0,2700.0,40920,0,0,2000000,2000000,0,0,2000000,5945
2015011742,9,4,0,0,0,0,0,0,0,0,0,8000.0,52554,0,0,2000000,2000000,0,0,2000000,10039
2015011742,9,5,0,0,0,0,0,0,0,0,0,0.0,25713,0,0,2000000,2000000,0,0,2000000,2000000
2015011742,9,6,0,0,0,0,0,0,0,0,0,1900.0,12797,0,0,2000000,2000000,0,0,2000000,5121
2015011742,9,8,0,0,0,0,0,0,0,0,0,1300.0,16373,0,0,2000000,2000000,0,0,2000000,3913
2015011742,9,9,0,0,0,0,0,0,0,0,0,900.0,12388,0,0,2000000,2000000,0,0,2000000,3543
2015011742,9,10,0,0,0,0,0,0,0,0,0,2500.0,36241,0,0,2000000,2000000,0,0,2000000,13443
2015011742,9,14,0,0,0,0,0,0,0,0,0,0.0,6938,0,0,2000000,2000000,0,0,2000000,2000000
2015011742,9,15,0,0,0,0,0,0,0,0,0,4900.0,29413,0,0,2000000,2000000,0,0,2000000,14255
2015011742,9,17,0,0,0,0,0,0,0,0,0,0.0,3606,0,0,2000000,2000000,0,0,2000000,2000000
2015011742,9,18,0,0,0,0,0,0,0,0,0,1500.0,10392,0,0,2000000,2000000,0,0,2000000,6023
2015011742,9,19,0,0,0,0,0,0,0,0,0,100.0,10378,0,0,2000000,2000000,0,0,2000000,7457
2015011742,9,20,0,0,0,0,0,0,0,0,0,0.0,13295,0,0,2000000,2000000,0,0,2000000,2000000
2015011742,9,21,0,0,0,0,0,0,0,0,0,5800.0,45362,0,0,2000000,2000000,0,0,2000000,12291
2015011742,9,22,0,0,0,0,0,0,0,0,0,0.0,4572,0,0,2000000,2000000,0,0,2000000,2000000
2015011742,10,2,0,0,0,0,0,0,0,0,0,2300.0,72257,0,0,2000000,2000000,0,0,2000000,15991
2015011742,10,4,0,0,0,0,0,0,0,0,0,0.0,5227,0,0,2000000,2000000,0,0,2000000,2000000
2015011742,10,5,0,0,0,0,0,0,0,0,0,0.0,2845,0,0,2000000,2000000,0,0,2000000,2000000
2015011742,11,4,0,0,0,0,0,0,0,0,0,1800.0,29158,0,0,2000000,2000000,0,0,2000000,7311
2015011742,11,5,0,0,0,0,0,0,0,0,0,200.0,19341,0,0,2000000,2000000,0,0,2000000,1929
2015011742,12,0,0,0,0,0,0,0,0,0,0,3000.0,21489,0,0,2000000,2000000,0,0,2000000,12040
2015011742,12,2,0,0,0,0,0,0,0,0,0,1900.0,10329,0,0,2000000,2000000,0,0,2000000,3664
2015013055,1,2,0,0,0,0,0,0,0,0,0,0.0,8169,0,0,2000000,2000000,0,0,2000000,2000000
2015013055,1,7,0,0,0,0,0,0,0,0,0,0.0,6924,0,0,2000000,2000000,0,0,2000000,2000000
2015013055,1,8,0,0,0,0,0,0,0,0,0,0.0,23751,0,0,2000000,2000000,0,0,2000000,2175
2015013055,2,1,0,0,0,0,0,0,0,0,0,7100.0,63283,0,0,2000000,2000000,0,0,2000000,15778
2015013055,2,2,0,0,0,0,0,0,0,0,0,7100.0,71673,0,0,2000000,2000000,0,0,2000000,12035
2015013055,2,3,0,0,0,0,0,0,0,0,0,4400.0,116421,0,0,2000000,2000000,0,0,2000000,82482
2015013055,3,1,0,0,0,0,0,0,0,0,0,4200.0,35182,0,0,2000000,2000000,0,0,2000000,9969
2015013055,4,1,0,0,0,0,0,0,0,0,0,5300.0,47266,0,0,2000000,2000000,0,0,2000000,13147
2015013055,4,2,0,0,0,0,0,0,0,0,0,6700.0,35704,0,0,2000000,2000000,0,0,2000000,13243
2015013055,4,4,0,0,0,0,0,0,0,0,0,3700.0,17041,0,0,2000000,2000000,0,0,2000000,8881
2015013055,4,6,0,0,0,0,0,0,0,0,0,600.0,8865,0,0,2000000,2000000,0,0,2000000,5272
2015013055,4,7,0,0,0,0,0,0,0,0,0,0.0,6501,0,0,2000000,2000000,0,0,2000000,2000000
2015013055,4,8,0,0,0,0,0,0,0,0,0,1600.0,16386,0,0,2000000,2000000,0,0,2000000,10480
2015013055,4,10,0,0,0,0,0,0,0,0,0,0.0,4296,0,0,2000000,2000000,0,0,2000000,2903
2015013055,4,11,0,0,0,0,0,0,0,0,0,600.0,20807,0,0,2000000,2000000,0,0,2000000,16690
2015013055,8,0,0,0,0,0,0,0,0,0,0,6000.0,16172,0,0,2000000,2000000,0,0,2000000,4374
2015013055,8,1,0,0,0,0,0,0,0,0,0,600.0,9168,0,0,2000000,2000000,0,0,2000000,5409
2015013055,8,3,0,0,0,0,0,0,0,0,0,0.0,2000,0,0,2000000,2000000,0,0,2000000,2000000
2015013055,8,4,0,0,0,0,0,0,0,0,0,5300.0,8091,0,0,2000000,2000000,0,0,2000000,1238
2015013055,9,0,0,0,0,0,0,0,0,0,0,5000.0,50805,0,0,2000000,2000000,0,0,2000000,13751
2015013055,9,1,0,0,0,0,0,0,0,0,0,4800.0,24739,0,0,2000000,2000000,0,0,2000000,7914
2015013055,9,2,0,0,0,0,0,0,0,0,0,4500.0,34516,0,0,2000000,2000000,0,0,2000000,6699
2015013055,9,3,0,0,0,0,0,0,0,0,0,6800.0,31164,0,0,2000000,2000000,0,0,2000000,7911
2015013055,9,4,0,0,0,0,0,0,0,0,0,6300.0,24290,0,0,2000000,2000000,0,0,2000000,6063
2015013055,9,5,0,0,0,0,0,0,0,0,0,6700.0,41813,0,0,2000000,2000000,0,0,2000000,6209
2015013055,9,7,0,0,0,0,0,0,0,0,0,12800.0,36311,0,0,2000000,2000000,0,0,2000000,3485
2015013055,9,8,0,0,0,0,0,0,0,0,0,5100.0,19659,0,0,2000000,2000000,0,0,2000000,3987
2015013055,9,9,0,0,0,0,0,0,0,0,0,1944.0,24297,0,0,2000000,2000000,0,0,2000000,5522
2015013055,9,10,0,0,0,0,0,0,0,0,0,2375.0,27947,0,0,2000000,2000000,0,0,2000000,3546
2015013055,9,11,0,0,0,0,0,0,0,0,0,4500.0,17770,0,0,2000000,2000000,0,0,2000000,7576
2015013055,9,12,0,0,0,0,0,0,0,0,0,1530.0,46392,0,0,2000000,2000000,0,0,2000000,6244
2015013055,9,13,0,0,0,0,0,0,0,0,0,11600.0,31272,0,0,2000000,2000000,0,0,2000000,1909
2015013055,9,15,0,0,0,0,0,0,0,0,0,3900.0,9768,0,0,2000000,2000000,0,0,2000000,2000000
2015013055,12,1,0,0,0,0,0,0,0,0,0,500.0,21224,0,0,2000000,2000000,0,0,2000000,7057
2015013055,12,2,0,0,0,0,0,0,0,0,0,12900.0,133408,0,0,2000000,2000000,0,0,2000000,8103
2015011285,1,3,0,0,0,0,0,0,0,0,0,0.0,8180,0,0,2000000,2000000,0,0,2000000,2368
2015011285,3,0,0,0,0,0,0,0,0,0,0,600.0,15249,0,0,2000000,2000000,0,0,2000000,3437
2015011285,3,1,0,0,0,0,0,0,0,0,0,700.0,16111,0,0,2000000,2000000,0,0,2000000,3921
2015011285,3,2,0,0,0,0,0,0,0,0,0,400.0,10743,0,0,2000000,2000000,0,0,2000000,4877
2015011285,3,3,0,0,0,0,0,0,0,0,0,0.0,2890,0,0,2000000,2000000,0,0,2000000,2000000
2015011285,3,4,0,0,0,0,0,0,0,0,0,0.0,8167,0,0,2000000,2000000,0,0,2000000,2000000
2015011285,3,6,0,0,0,0,0,0,0,0,0,2100.0,11363,0,0,2000000,2000000,0,0,2000000,3035
2015011285,3,7,0,0,0,0,0,0,0,0,0,0.0,5735,0,0,2000000,2000000,0,0,2000000,2000000
2015011285,3,8,0,0,0,0,0,0,0,0,0,0.0,7551,0,0,2000000,2000000,0,0,2000000,5417
2015011285,3,10,0,0,0,0,0,0,0,0,0,900.0,8567,0,0,2000000,2000000,0,0,2000000,4671
2015011285,4,1,0,0,0,0,0,0,0,0,0,0.0,2782,0,0,2000000,2000000,0,0,2000000,2000000
2015011285,4,2,0,0,0,0,0,0,0,0,0,3600.0,18142,0,0,2000000,2000000,0,0,2000000,2000000
2015011285,4,3,0,0,0,0,0,0,0,0,0,2200.0,12591,0,0,2000000,2000000,0,0,2000000,5527
2015011285,4,4,0,0,0,0,0,0,0,0,0,4300.0,84285,0,0,2000000,2000000,0,0,2000000,2000000
2015011285,6,0,0,0,0,0,0,0,0,0,0,2000.0,16696,0,0,2000000,2000000,0,0,2000000,5215
2015011285,7,0,0,0,0,0,0,0,0,0,0,300.0,11457,0,0,2000000,2000000,0,0,2000000,7202
2015011285,9,0,0,0,0,0,0,0,0,0,0,1500.0,13158,0,0,2000000,2000000,0,0,2000000,2921
2015011285,9,1,0,0,0,0,0,0,0,0,0,1800.0,14872,0,0,2000000,2000000,0,0,2000000,3225
2015011285,9,2,0,0,0,0,0,0,0,0,0,3400.0,18790,0,0,2000000,2000000,0,0,2000000,2306
2015011285,9,3,0,0,0,0,0,0,0,0,0,5800.0,20095,0,0,2000000,2000000,0,0,2000000,2834
2015011285,9,5,0,0,0,0,0,0,0,0,0,3300.0,14836,0,0,2000000,2000000,0,0,2000000,2838
2015011285,9,6,0,0,0,0,0,0,0,0,0,6700.0,26767,0,0,2000000,2000000,0,0,2000000,7472
2015011285,9,7,0,0,0,0,0,0,0,0,0,3600.0,27966,0,0,2000000,2000000,0,0,2000000,3335
2015011285,9,8,0,0,0,0,0,0,0,0,0,3600.0,41468,0,0,2000000,2000000,0,0,2000000,14777
2015011285,9,9,0,0,0,0,0,0,0,0,0,1900.0,19780,0,0,2000000,2000000,0,0,2000000,3585
2015011285,9,10,0,0,0,0,0,0,0,0,0,5100.0,41295,0,0,2000000,2000000,0,0,2000000,6551
2015011285,9,11,0,0,0,0,0,0,0,0,0,0.0,3083,0,0,2000000,2000000,0,0,2000000,2000000
2015011285,11,2,0,0,0,0,0,0,0,0,0,200.0,11168,0,0,2000000,2000000,0,0,2000000,3266
2015011285,12,0,0,0,0,0,0,0,0,0,0,4200.0,20597,0,0,2000000,2000000,0,0,2000000,2568
2015011285,12,1,0,0,0,0,0,0,0,0,0,3600.0,37993,0,0,2000000,2000000,0,0,2000000,3713
2015012647,2,0,0,0,0,0,0,0,0,0,0,0.0,6667,0,0,2000000,2000000,0,0,2000000,4954
2015012647,2,1,0,0,0,0,0,0,0,0,0,2900.0,36231,0,0,2000000,2000000,0,0,2000000,3568
2015012647,2,2,0,0,0,0,0,0,0,0,0,4300.0,17556,0,0,2000000,2000000,0,0,2000000,3909
2015012647,2,3,0,0,0,0,0,0,0,0,0,1800.0,12066,0,0,2000000,2000000,0,0,2000000,4113
2015012647,2,4,0,0,0,0,0,0,0,0,0,1300.0,111535,0,0,2000000,2000000,0,0,2000000,90899
2015012647,3,0,0,0,0,0,0,0,0,0,0,500.0,9208,0,0,2000000,2000000,0,0,2000000,3934
2015012647,3,2,0,0,0,0,0,0,0,0,0,1700.0,92553,0,0,2000000,2000000,0,0,2000000,55027
2015012647,4,0,0,0,0,0,0,0,0,0,0,700.0,19369,0,0,2000000,2000000,0,0,2000000,9424
2015012647,5,0,0,0,0,0,0,0,0,0,0,1000.0,43194,0,0,2000000,2000000,0,0,2000000,31206
2015012647,6,0,0,0,0,0,0,0,0,0,0,7600.0,97762,0,0,2000000,2000000,0,0,2000000,38982
2015012647,7,0,0,0,0,0,0,0,0,0,0,200.0,15984,0,0,2000000,2000000,0,0,2000000,5578
2015012647,8,0,0,0,0,0,0,0,0,0,0,7000.0,19116,0,0,2000000,2000000,0,0,2000000,1357
2015012647,9,1,0,0,0,0,0,0,0,0,0,1300.0,20147,0,0,2000000,2000000,0,0,2000000,3665
2015012647,9,5,0,0,0,0,0,0,0,0,0,0.0,6667,0,0,2000000,2000000,0,0,2000000,3904
2015012647,9,7,0,0,0,0,0,0,0,0,0,1100.0,7679,0,0,2000000,2000000,0,0,2000000,3148
2015012647,10,1,0,0,0,0,0,0,0,0,0,900.0,62365,0,0,2000000,2000000,0,0,2000000,8577
2016211382,9,2,0,0,0,0,0,0,0,0,0,700.0,19513,0,0,2000000,2000000,0,0,2000000,5998
2016211382,9,3,0,0,0,0,0,0,0,0,0,900.0,17528,0,0,2000000,2000000,0,0,2000000,10774
2016211382,9,4,0,0,0,0,0,0,0,0,0,1200.0,104769,0,0,2000000,2000000,0,0,2000000,86304
2015012867,1,2,0,0,0,0,0,0,0,0,0,0.0,16187,0,0,2000000,2000000,0,0,2000000,3010
2015012867,2,1,0,0,0,0,0,0,0,0,0,0.0,8441,0,0,2000000,2000000,0,0,2000000,2991
2015012867,2,3,0,0,0,0,0,0,0,0,0,1500.0,119396,0,0,2000000,2000000,0,0,2000000,68149
2015012867,3,0,0,0,0,0,0,0,0,0,0,0.0,14833,0,0,2000000,2000000,0,0,2000000,6028
2015012867,3,3,0,0,0,0,0,0,0,0,0,9100.0,30899,0,0,2000000,2000000,0,0,2000000,803
2015012867,7,1,0,0,0,0,0,0,0,0,0,0.0,4271,0,0,2000000,2000000,0,0,2000000,3270
2015012867,7,4,0,0,0,0,0,0,0,0,0,0.0,23706,0,0,2000000,2000000,0,0,2000000,2000000
2015012867,9,0,0,0,0,0,0,0,0,0,0,4300.0,24728,0,0,2000000,2000000,0,0,2000000,8052
2015012867,9,1,0,0,0,0,0,0,0,0,0,0.0,2892,0,0,2000000,2000000,0,0,2000000,2000000
2015012867,9,3,0,0,0,0,0,0,0,0,0,8548.0,49927,0,0,2000000,2000000,0,0,2000000,6668
2015012867,9,4,0,0,0,0,0,0,0,0,0,6000.0,42930,0,0,2000000,2000000,0,0,2000000,2848
2015012867,9,6,0,0,0,0,0,0,0,0,0,1600.0,68286,0,0,2000000,2000000,0,0,2000000,51680
2015012867,10,0,0,0,0,0,0,0,0,0,0,0.0,14864,0,0,2000000,2000000,0,0,2000000,3453
2015012867,11,2,0,0,0,0,0,0,0,0,0,1600.0,22913,0,0,2000000,2000000,0,0,2000000,4590
2015012867,11,6,0,0,0,0,0,0,0,0,0,0.0,619,0,0,2000000,2000000,0,0,2000000,2000000
2015011770,3,0,0,0,0,0,0,0,0,0,0,2700.0,44389,0,0,2000000,2000000,0,0,2000000,5634
2015011770,3,1,0,0,0,0,0,0,0,0,0,1200.0,21553,0,0,2000000,2000000,0,0,2000000,9110
2015011770,9,0,0,0,0,0,0,0,0,0,0,2200.0,24351,0,0,2000000,2000000,0,0,2000000,2713
2015011770,9,2,0,0,0,0,0,0,0,0,0,6100.0,41196,0,0,2000000,2000000,0,0,2000000,14845
2015011770,9,3,0,0,0,0,0,0,0,0,0,6500.0,50751,0,0,2000000,2000000,0,0,2000000,9748
2015011770,9,4,0,0,0,0,0,0,0,0,0,1300.0,27989,0,0,2000000,2000000,0,0,2000000,12202
2015011770,9,5,0,0,0,0,0,0,0,0,0,2194.0,77206,0,0,2000000,2000000,0,0,2000000,10137
2015011770,9,6,0,0,0,0,0,0,0,0,0,3400.0,26717,0,0,2000000,2000000,0,0,2000000,3952
2015011770,9,7,0,0,0,0,0,0,0,0,0,1700.0,21199,0,0,2000000,2000000,0,0,2000000,2323
2015011770,11,0,0,0,0,0,0,0,0,0,0,1600.0,32957,0,0,2000000,2000000,0,0,2000000,3583
2015011348,1,0,0,0,0,0,0,0,0,0,0,3500.0,53315,0,0,2000000,2000000,0,0,2000000,9058
2015011348,1,1,0,0,0,0,0,0,0,0,0,0.0,10977,0,0,2000000,2000000,0,0,2000000,6407
2015011348,1,3,0,0,0,0,0,0,0,0,0,3800.0,63800,0,0,2000000,2000000,0,0,2000000,3176
2015011348,1,4,0,0,0,0,0,0,0,0,0,1300.0,23619,0,0,2000000,2000000,0,0,2000000,8928
2015011348,1,5,0,0,0,0,0,0,0,0,0,324.0,29597,0,0,2000000,2000000,0,0,2000000,2000000
2015011348,1,6,0,0,0,0,0,0,0,0,0,0.0,31351,0,0,2000000,2000000,0,0,2000000,2000000
2015011348,1,7,0,0,0,0,0,0,0,0,0,0.0,7214,0,0,2000000,2000000,0,0,2000000,2000000
2015011348,3,0,0,0,0,0,0,0,0,0,0,1100.0,19070,0,0,2000000,2000000,0,0,2000000,6392
2015011348,3,1,0,0,0,0,0,0,0,0,0,500.0,16268,0,0,2000000,2000000,0,0,2000000,5198
2015011348,4,0,0,0,0,0,0,0,0,0,0,1200.0,21309,0,0,2000000,2000000,0,0,2000000,6025
2015011348,9,1,0,0,0,0,0,0,0,0,0,2800.0,27834,0,0,2000000,2000000,0,0,2000000,7384
2015011348,9,2,0,0,0,0,0,0,0,0,0,5100.0,16878,0,0,2000000,2000000,0,0,2000000,594
2015011348,9,3,0,0,0,0,0,0,0,0,0,4100.0,51835,0,0,2000000,2000000,0,0,2000000,14211
2015011748,4,0,0,0,0,0,0,0,0,0,0,1100.0,42171,0,0,2000000,2000000,0,0,2000000,7587
2015011748,4,1,0,0,0,0,0,0,0,0,0,3300.0,47109,0,0,2000000,2000000,0,0,2000000,7581
2015011748,4,2,0,0,0,0,0,0,0,0,0,700.0,151968,0,0,2000000,2000000,0,0,2000000,125572
2015011748,9,0,0,0,0,0,0,0,0,0,0,12300.0,85627,0,0,2000000,2000000,0,0,2000000,6257
2015011748,10,0,0,0,0,0,0,0,0,0,0,0.0,89560,0,0,2000000,2000000,0,0,2000000,39362
2015011748,10,1,0,0,0,0,0,0,0,0,0,0.0,34974,0,0,2000000,2000000,0,0,2000000,1860
2015011748,11,0,0,0,0,0,0,0,0,0,0,300.0,123198,0,0,2000000,2000000,0,0,2000000,9451
2015011748,11,1,0,0,0,0,0,0,0,0,0,700.0,72320,0,0,2000000,2000000,0,0,2000000,10948
2015011748,11,2,0,0,0,0,0,0,0,0,0,0.0,49714,0,0,2000000,2000000,0,0,2000000,1453
2015011748,12,0,0,0,0,0,0,0,0,0,0,2900.0,38469,0,0,2000000,2000000,0,0,2000000,7080
2015012620,1,0,0,0,0,0,0,0,0,0,0,5500.0,44209,0,0,2000000,2000000,0,0,2000000,4804
2015012620,1,2,0,0,0,0,0,0,0,0,0,2200.0,16483,0,0,2000000,2000000,0,0,2000000,3874
2015012620,1,5,0,0,0,0,0,0,0,0,0,1000.0,22042,0,0,2000000,2000000,0,0,2000000,5498
2015012620,1,6,0,0,0,0,0,0,0,0,0,1200.0,19475,0,0,2000000,2000000,0,0,2000000,3522
2015012620,2,1,0,0,0,0,0,0,0,0,0,0.0,14987,0,0,2000000,2000000,0,0,2000000,3554
2015012620,3,0,0,0,0,0,0,0,0,0,0,0.0,4231,0,0,2000000,2000000,0,0,2000000,2000000
2015012620,3,1,0,0,0,0,0,0,0,0,0,0.0,5135,0,0,2000000,2000000,0,0,2000000,3456
2015012620,5,0,0,0,0,0,0,0,0,0,0,4400.0,49666,0,0,2000000,2000000,0,0,2000000,1240
2015012620,6,0,0,0,0,0,0,0,0,0,0,1700.0,17962,0,0,2000000,2000000,0,0,2000000,4072
2015012620,9,1,0,0,0,0,0,0,0,0,0,1500.0,15408,0,0,2000000,2000000,0,0,2000000,6
2015012620,9,2,0,0,0,0,0,0,0,0,0,6300.0,17507,0,0,2000000,2000000,0,0,2000000,4011
2015012620,9,3,0,0,0,0,0,0,0,0,0,3500.0,29200,0,0,2000000,2000000,0,0,2000000,5551
2015012620,9,4,0,0,0,0,0,0,0,0,0,500.0,9858,0,0,2000000,2000000,0,0,2000000,6649
2015012620,9,5,0,0,0,0,0,0,0,0,0,1200.0,11887,0,0,2000000,2000000,0,0,2000000,4466
2015012620,10,1,0,0,0,0,0,0,0,0,0,600.0,43133,0,0,2000000,2000000,0,0,2000000,9152
2015012620,10,4,0,0,0,0,0,0,0,0,0,700.0,19049,0,0,2000000,2000000,0,0,2000000,6104
2015012620,10,5,0,0,0,0,0,0,0,0,0,3600.0,33004,0,0,2000000,2000000,0,0,2000000,6913
2015012620,11,1,0,0,0,0,0,0,0,0,0,1900.0,16579,0,0,2000000,2000000,0,0,2000000,6536
2015012620,11,2,0,0,0,0,0,0,0,0,0,4400.0,25270,0,0,2000000,2000000,0,0,2000000,4339
2015012620,11,3,0,0,0,0,0,0,0,0,0,0.0,7544,0,0,2000000,2000000,0,0,2000000,2000000
2015012620,11,4,0,0,0,0,0,0,0,0,0,0.0,5298,0,0,2000000,2000000,0,0,2000000,2000000
2015012620,11,5,0,0,0,0,0,0,0,0,0,1700.0,14646,0,0,2000000,2000000,0,0,2000000,4383
2015012620,12,0,0,0,0,0,0,0,0,0,0,0.0,4110,0,0,2000000,2000000,0,0,2000000,2623
2015011765,1,3,0,0,0,0,0,0,0,0,0,0.0,3910,0,0,2000000,2000000,0,0,2000000,2000000
2015011765,1,4,0,0,0,0,0,0,0,0,0,200.0,244517,0,0,2000000,2000000,0,0,2000000,187575
2015011765,2,0,0,0,0,0,0,0,0,0,0,1000.0,320698,0,0,2000000,2000000,0,0,2000000,60767
2015011765,3,0,0,0,0,0,0,0,0,0,0,0.0,5239,0,0,2000000,2000000,0,0,2000000,2000000
2015011765,3,1,0,0,0,0,0,0,0,0,0,0.0,13911,0,0,2000000,2000000,0,0,2000000,10714
2015011765,4,1,0,0,0,0,0,0,0,0,0,300.0,96040,0,0,2000000,2000000,0,0,2000000,62439
2015011765,5,2,0,0,0,0,0,0,0,0,0,200.0,21065,0,0,2000000,2000000,0,0,2000000,5049
2015011765,6,0,0,0,0,0,0,0,0,0,0,0.0,17367,0,0,2000000,2000000,0,0,2000000,2000000
2015011765,9,0,0,0,0,0,0,0,0,0,0,0.0,13451,0,0,2000000,2000000,0,0,2000000,2089
2015011765,9,2,0,0,0,0,0,0,0,0,0,0.0,13867,0,0,2000000,2000000,0,0,2000000,12982
2015011765,9,3,0,0,0,0,0,0,0,0,0,3400.0,103167,0,0,2000000,2000000,0,0,2000000,4273
2015011765,9,4,0,0,0,0,0,0,0,0,0,6000.0,159231,0,0,2000000,2000000,0,0,2000000,981
2015011765,10,0,0,0,0,0,0,0,0,0,0,600.0,75049,0,0,2000000,2000000,0,0,2000000,3247
2015011765,10,1,0,0,0,0,0,0,0,0,0,0.0,14396,0,0,2000000,2000000,0,0,2000000,4992
2015011765,10,2,0,0,0,0,0,0,0,0,0,800.0,61721,0,0,2000000,2000000,0,0,2000000,10393
2015011765,11,0,0,0,0,0,0,0,0,0,0,1300.0,91257,0,0,2000000,2000000,0,0,2000000,6073
2015011765,11,1,0,0,0,0,0,0,0,0,0,0.0,8738,0,0,2000000,2000000,0,0,2000000,2000000
2015011765,11,2,0,0,0,0,0,0,0,0,0,1100.0,60572,0,0,2000000,2000000,0,0,2000000,6063
2015011765,11,5,0,0,0,0,0,0,0,0,0,600.0,26034,0,0,2000000,2000000,0,0,2000000,1098
2015011765,11,6,0,0,0,0,0,0,0,0,0,500.0,9202,0,0,2000000,2000000,0,0,2000000,2976
2015011765,11,7,0,0,0,0,0,0,0,0,0,300.0,11812,0,0,2000000,2000000,0,0,2000000,7530
2015011727,1,3,0,0,0,0,0,0,0,0,0,1100.0,16989,0,0,2000000,2000000,0,0,2000000,7272
2015011727,1,6,0,0,0,0,0,0,0,0,0,9500.0,54218,0,0,2000000,2000000,0,0,2000000,12952
2015011727,2,1,0,0,0,0,0,0,0,0,0,1900.0,31285,0,0,2000000,2000000,0,0,2000000,6214
2015011727,2,3,0,0,0,0,0,0,0,0,0,3600.0,161255,0,0,2000000,2000000,0,0,2000000,8523
2015011727,4,1,0,0,0,0,0,0,0,0,0,1900.0,22532,0,0,2000000,2000000,0,0,2000000,5267
2015011727,4,2,0,0,0,0,0,0,0,0,0,1200.0,38991,0,0,2000000,2000000,0,0,2000000,21788
2015011727,5,0,0,0,0,0,0,0,0,0,0,0.0,6661,0,0,2000000,2000000,0,0,2000000,2000000
2015011727,6,0,0,0,0,0,0,0,0,0,0,600.0,23503,0,0,2000000,2000000,0,0,2000000,7776
2015011727,6,1,0,0,0,0,0,0,0,0,0,2000.0,57128,0,0,2000000,2000000,0,0,2000000,6663
2015011727,6,2,0,0,0,0,0,0,0,0,0,0.0,14966,0,0,2000000,2000000,0,0,2000000,2000000
2015011727,6,3,0,0,0,0,0,0,0,0,0,3400.0,75518,0,0,2000000,2000000,0,0,2000000,29513
2015011727,7,0,0,0,0,0,0,0,0,0,0,0.0,5788,0,0,2000000,2000000,0,0,2000000,2000000
2015011727,8,1,0,0,0,0,0,0,0,0,0,1300.0,5283,0,0,2000000,2000000,0,0,2000000,824
2015011727,9,1,0,0,0,0,0,0,0,0,0,4200.0,36732,0,0,2000000,2000000,0,0,2000000,8649
2015011727,9,3,0,0,0,0,0,0,0,0,0,900.0,10391,0,0,2000000,2000000,0,0,2000000,4975
2015011727,10,0,0,0,0,0,0,0,0,0,0,0.0,12545,0,0,2000000,2000000,0,0,2000000,4592
2015011727,10,1,0,0,0,0,0,0,0,0,0,0.0,3493,0,0,2000000,2000000,0,0,2000000,2000000
2015011727,10,3,0,0,0,0,0,0,0,0,0,500.0,39480,0,0,2000000,2000000,0,0,2000000,6088
2015011727,11,1,0,0,0,0,0,0,0,0,0,1600.0,11687,0,0,2000000,2000000,0,0,2000000,4792
2015011727,12,0,0,0,0,0,0,0,0,0,0,900.0,20051,0,0,2000000,2000000,0,0,2000000,6442
